{
  "method": "cg",
  "tolerance": 1e-08,
  "maxiter": 1326510,
  "converged": true,
  "iterations": null,
  "residual": 1.222734448894289e-07,
  "phi_min": -55219350.05038652,
  "phi_max": 0.0,
  "G_eff_min": 3.978873340086805e-18,
  "G_eff_max": 6.674e-11,
  "xi": 100.0
}