{
  "r": [
    1.0,
    0.96,
    0.92,
    0.88,
    0.84,
    0.8,
    0.76,
    0.72,
    0.6799999999999999,
    0.64,
    0.6,
    0.56,
    0.52,
    0.48,
    0.43999999999999995,
    0.4,
    0.36,
    0.31999999999999995,
    0.28,
    0.24,
    0.19999999999999996,
    0.16000000000000003,
    0.12,
    0.07999999999999996,
    0.040000000000000036,
    0.0,
    0.040000000000000036,
    0.08000000000000007,
    0.1200000000000001,
    0.15999999999999992,
    0.19999999999999996,
    0.24,
    0.28,
    0.32000000000000006,
    0.3600000000000001,
    0.40000000000000013,
    0.43999999999999995,
    0.48,
    0.52,
    0.56,
    0.6000000000000001,
    0.6400000000000001,
    0.6799999999999999,
    0.72,
    0.76,
    0.8,
    0.8400000000000001,
    0.8800000000000001,
    0.9199999999999999,
    0.96,
    1.0
  ],
  "phi_modified": [
    0.0,
    -0.053163387164334594,
    -0.10701987861424936,
    -0.16228439541447623,
    -0.21971718273899588,
    -0.2801509917145402,
    -0.34452462345152146,
    -0.41392696678637736,
    -0.4896584345096063,
    -0.5733225335430119,
    -0.6669726323021817,
    -0.7733657567272434,
    -0.8964328459480821,
    -1.042189944643822,
    -1.2205020720922721,
    -1.4482394821877365,
    -2562183.1820163517,
    -8043539.587754956,
    -14554853.162270812,
    -22780301.49645606,
    -33470673.291064937,
    -47208166.482863896,
    -55219328.234266356,
    -55219332.094360426,
    -55219343.65088448,
    -55219350.05038652,
    -55219343.64988847,
    -55219332.09237908,
    -55219328.2313865,
    -47203370.47895574,
    -33457961.536844697,
    -22762870.24089095,
    -14536985.562811887,
    -8030143.480777168,
    -2557284.354642847,
    -1.447402340163693,
    -1.2201446630678212,
    -1.0421684422507107,
    -0.8966195664330138,
    -0.773665417846182,
    -0.6673207082218623,
    -0.5736780594014913,
    -0.48999669690845493,
    -0.41423376545485335,
    -0.3447922573519745,
    -0.28037562155185525,
    -0.21989716026234715,
    -0.16241922550500948,
    -0.10710959215136098,
    -0.05320817316948848,
    0.0
  ],
  "phi_newtonian": [
    -6.674e-11,
    -6.952083333333333e-11,
    -7.254347826086956e-11,
    -7.584090909090908e-11,
    -7.945238095238095e-11,
    -8.342499999999999e-11,
    -8.78157894736842e-11,
    -9.269444444444444e-11,
    -9.814705882352941e-11,
    -1.0428124999999999e-10,
    -1.1123333333333333e-10,
    -1.191785714285714e-10,
    -1.2834615384615383e-10,
    -1.3904166666666666e-10,
    -1.516818181818182e-10,
    -1.6684999999999997e-10,
    -1.8538888888888888e-10,
    -2.0856250000000002e-10,
    -2.383571428571428e-10,
    -2.7808333333333333e-10,
    -3.3370000000000005e-10,
    -4.171249999999999e-10,
    -5.561666666666667e-10,
    -8.342500000000003e-10,
    -1.5750639999999991e-09,
    -2.0021999999999996e-09,
    -1.5750639999999991e-09,
    -8.342499999999992e-10,
    -5.561666666666661e-10,
    -4.1712500000000015e-10,
    -3.3370000000000005e-10,
    -2.7808333333333333e-10,
    -2.383571428571428e-10,
    -2.0856249999999995e-10,
    -1.8538888888888883e-10,
    -1.6684999999999992e-10,
    -1.516818181818182e-10,
    -1.3904166666666666e-10,
    -1.2834615384615383e-10,
    -1.191785714285714e-10,
    -1.112333333333333e-10,
    -1.0428124999999997e-10,
    -9.814705882352941e-11,
    -9.269444444444444e-11,
    -8.78157894736842e-11,
    -8.342499999999999e-11,
    -7.945238095238094e-11,
    -7.584090909090907e-11,
    -7.254347826086956e-11,
    -6.952083333333333e-11,
    -6.674e-11
  ],
  "G_eff_over_G": [
    1.0,
    1.0,
    1.0,
    1.0,
    1.0,
    1.0,
    1.0,
    1.0,
    1.0,
    1.0,
    1.0,
    1.0,
    1.0,
    1.0,
    1.0,
    1.0,
    5.961752082839085e-08,
    5.961752082839085e-08,
    5.961752082839085e-08,
    5.961752082839085e-08,
    5.961752082839085e-08,
    5.961752082839085e-08,
    1.0,
    1.0,
    1.0,
    1.0,
    1.0,
    1.0,
    1.0,
    5.961752082839085e-08,
    5.961752082839085e-08,
    5.961752082839085e-08,
    5.961752082839085e-08,
    5.961752082839085e-08,
    5.961752082839085e-08,
    1.0,
    1.0,
    1.0,
    1.0,
    1.0,
    1.0,
    1.0,
    1.0,
    1.0,
    1.0,
    1.0,
    1.0,
    1.0,
    1.0,
    1.0,
    1.0
  ],
  "metadata": {
    "M": 1.0,
    "R_mass": 0.05,
    "R_shell_inner": 0.15,
    "R_shell_outer": 0.4,
    "Phi0": 10000000.0,
    "rho0": 1909.8593171027437
  },
  "solver_info": {
    "method": "cg",
    "tolerance": 1e-08,
    "maxiter": 1326510,
    "converged": true,
    "iterations": null,
    "residual": 1.222734448894289e-07,
    "phi_min": -55219350.05038652,
    "phi_max": 0.0,
    "G_eff_min": 3.978873340086805e-18,
    "G_eff_max": 6.674e-11,
    "xi": 100.0
  }
}